{"cameraMode":{"drawMode":0,"name":"Shaded","section":"Shading Mode"},"sceneLighting":false,"audioPlay":false,"sceneViewState":{"m_AlwaysRefresh":false,"showFog":true,"showSkybox":true,"showFlares":true,"showImageEffects":true,"showParticleSystems":true,"showVisualEffectGraphs":true,"m_FxEnabled":true},"in2DMode":false,"pivot":{"x":-14.52580738067627,"y":-16.435016632080079,"z":58.308441162109378},"rotation":{"x":-0.27571603655815127,"y":0.26865068078041079,"z":-0.08066007494926453,"w":-0.9196513295173645},"size":45.398746490478519,"orthographic":false}