{"cameraMode":{"drawMode":0,"name":"Shaded","section":"Shading Mode"},"sceneLighting":false,"audioPlay":false,"sceneViewState":{"m_AlwaysRefresh":false,"showFog":true,"showSkybox":true,"showFlares":true,"showImageEffects":true,"showParticleSystems":true,"showVisualEffectGraphs":true,"m_FxEnabled":true},"in2DMode":false,"pivot":{"x":1.596373200416565,"y":5.7755818367004398,"z":62.25271987915039},"rotation":{"x":-0.06295061111450196,"y":0.9253576993942261,"z":-0.33121323585510256,"w":-0.17445088922977448},"size":16.300888061523439,"orthographic":false}