{"cameraMode":{"drawMode":0,"name":"Shaded","section":"Shading Mode"},"sceneLighting":true,"audioPlay":false,"sceneViewState":{"m_AlwaysRefresh":false,"showFog":true,"showSkybox":true,"showFlares":true,"showImageEffects":true,"showParticleSystems":true,"showVisualEffectGraphs":true,"m_FxEnabled":true},"in2DMode":false,"pivot":{"x":-46.106510162353519,"y":-28.513254165649415,"z":114.68281555175781},"rotation":{"x":0.1317489594221115,"y":-0.21254123747348786,"z":0.029123671352863313,"w":0.968044102191925},"size":60.654266357421878,"orthographic":false}