{"cameraMode":{"drawMode":0,"name":"Shaded","section":"Shading Mode"},"sceneLighting":false,"audioPlay":false,"sceneViewState":{"m_AlwaysRefresh":false,"showFog":true,"showSkybox":true,"showFlares":true,"showImageEffects":true,"showParticleSystems":true,"showVisualEffectGraphs":true,"m_FxEnabled":true},"in2DMode":false,"pivot":{"x":-0.12182998657226563,"y":-23.667396545410158,"z":-15.998771667480469},"rotation":{"x":-0.043854571878910068,"y":0.9554699063301086,"z":-0.21919746696949006,"w":-0.19563032686710359},"size":79.68416595458985,"orthographic":false}