{"cameraMode":{"drawMode":0,"name":"Shaded","section":"Shading Mode"},"sceneLighting":false,"audioPlay":false,"sceneViewState":{"m_AlwaysRefresh":false,"showFog":true,"showSkybox":true,"showFlares":true,"showImageEffects":true,"showParticleSystems":true,"showVisualEffectGraphs":true,"m_FxEnabled":true},"in2DMode":false,"pivot":{"x":29.637195587158204,"y":-233.91378784179688,"z":-194.78814697265626},"rotation":{"x":0.031355082988739017,"y":0.9217249751091003,"z":-0.37925204634666445,"w":0.07729028165340424},"size":187.93878173828126,"orthographic":false}